{
  "skill": "五层架构投资体系",
  "before": 0.05,
  "after": 0.479054159892076,
  "improvement": 0.429054159892076,
  "modules_completed": 7,
  "timestamp": "2026-05-02 18:27:37"
}